player_name,player_link,player_type,cost_lakhs,cost_dollars,born_date,player_age,batting_style,bowling_style,playing_role
Virat Kohli,https://www.espncricinfo.com/ci/content/player/253802.html,Not available,1500,1829,"November 05, 1988, Delhi",34y 196d,Right hand Bat,Right arm Medium,Top order Batter
Glenn Maxwell,https://www.espncricinfo.com/ci/content/player/325026.html,Not available,1100,1341,"October 14, 1988, Kew, Melbourne, Victoria",34y 218d,Right hand Bat,Right arm Offbreak,Batting Allrounder
Harshal Patel,https://www.espncricinfo.com/ci/content/player/390481.html,Not available,1075,1310,"November 23, 1990, Sanand, Gujarat",32y 178d,Right hand Bat,Right arm Medium,Bowler
Wanindu Hasaranga,https://www.espncricinfo.com/ci/content/player/784379.html,Not available,1075,1310,"July 29, 1997, Galle",25y 295d,Right hand Bat,Legbreak,Allrounder
Josh Hazlewood,https://www.espncricinfo.com/ci/content/player/288284.html,Not available,775,945,"January 08, 1991, Tamworth, New South Wales",32y 132d,Left hand Bat,Right arm Fast medium,Bowler
Faf du Plessis,https://www.espncricinfo.com/ci/content/player/44828.html,Not available,700,853,"July 13, 1984, Pretoria",38y 311d,Right hand Bat,Legbreak,Middle order Batter
Mohammed Siraj,https://www.espncricinfo.com/ci/content/player/940973.html,Not available,700,853,"March 13, 1994, Hyderabad",29y 68d,Right hand Bat,Right arm Fast,Bowler
Dinesh Karthik,https://www.espncricinfo.com/ci/content/player/30045.html,Not available,550,670,"June 01, 1985, Madras (now Chennai), Tamil Nadu",37y 353d,Dinesh,Right hand Bat,Right arm Offbreak
Anuj Rawat,https://www.espncricinfo.com/ci/content/player/1123073.html,Not available,340,414,"October 17, 1999, Ram Nagar, Uttarakhand",23y 215d,Left hand Bat,Wicketkeeper Batter
Will Jacks,https://www.espncricinfo.com/ci/content/player/897549.html,Not available,320,390,"November 21, 1998, Chertsey, Surrey",24y 180d,Right hand Bat,Right arm Offbreak,Batter
Shahbaz Ahmed,https://www.espncricinfo.com/ci/content/player/1159711.html,Not available,240,292,"December 11, 1994, Mewat, Haryana",28y 160d,Left hand Bat,Slow Left arm Orthodox,Allrounder
David Willey,https://www.espncricinfo.com/ci/content/player/308251.html,Not available,200,243,"February 28, 1990, Northampton",33y 81d,Left hand Bat,Left arm Fast medium,Bowling Allrounder
Reece Topley,https://www.espncricinfo.com/ci/content/player/461632.html,Not available,190,231,"February 21, 1994, Ipswich, Suffolk",29y 88d,Right hand Bat,Left arm Fast medium,Bowler
Mahipal Lomror,https://www.espncricinfo.com/ci/content/player/853265.html,Not available,95,115,"November 16, 1999, Nagaur, Rajasthan",23y 185d,Left hand Bat,Slow Left arm Orthodox,Allrounder
Finn Allen,https://www.espncricinfo.com/ci/content/player/959759.html,Not available,80,97,"April 22, 1999, Auckland",24y 28d,Right hand Bat,Occasional Wicketkeeper,Top order Batter
Siddarth Kaul,https://www.espncricinfo.com/ci/content/player/326017.html,Not available,75,91,"May 19, 1990, Pathankot, Punjab",33y 1d,Right hand Bat,Right arm Medium,Bowler
Rajan Kumar,https://www.espncricinfo.com/ci/content/player/1339027.html,Not available,70,85,"July 08, 1996, Haridwar",26y 316d,Left hand Bat,Left arm Medium fast,Bowler
Avinash Singh,https://www.espncricinfo.com/ci/content/player/1350765.html,Not available,60,73,"January 04, 1998, Jammu",25y 136d,Right hand Bat,Right arm Fast,Bowler
Karn Sharma,https://www.espncricinfo.com/ci/content/player/30288.html,Not available,50,60,"October 23, 1987, Meerut, Uttar Pradesh",35y 209d,Left hand Bat,Legbreak Googly,Bowler
Suyash Prabhudessai,https://www.espncricinfo.com/ci/content/player/1083851.html,Not available,30,36,"December 06, 1997",25y 165d,Right hand Bat,Right arm Medium,Batting Allrounder
Sonu Yadav,https://www.espncricinfo.com/ci/content/player/1048867.html,Not available,20,24,"November 11, 1999, Gorakhpur, Uttar Pradesh",23y 190d,Right hand Bat,Right arm Medium fast,Allrounder
Manoj Bhandage,https://www.espncricinfo.com/ci/content/player/1057399.html,Not available,20,24,"October 05, 1998, Raichur, Karnataka",24y 227d,Left hand Bat,Right arm Medium fast,Allrounder
Akash Deep,https://www.espncricinfo.com/ci/content/player/1176959.html,Not available,20,24,"December 15, 1996, Dehri, (Rotas), Bihar",26y 156d,Right hand Bat,Right arm Fast medium,Bowling Allrounder
Himanshu Sharma,https://www.espncricinfo.com/ci/content/player/1350761.html,Not available,20,24,"June 06, 1998",24y 348d,Right hand Bat,Legbreak,Bowler
Rajat Patidar,https://www.espncricinfo.com/ci/content/player/823703.html,Not available,20,24,"June 01, 1993, Indore, Madhya Pradesh",29y 353d,Right hand Bat,Right arm Offbreak,Top order Batter
Andre Russell,https://www.espncricinfo.com/ci/content/player/276298.html,Not available,1600,1951,"April 29, 1988, Jamaica",35y 21d,Right hand Bat,Right arm Fast,Allrounder
Shreyas Iyer,https://www.espncricinfo.com/ci/content/player/642519.html,Not available,1225,1493,"December 06, 1994, Mumbai",28y 165d,Right hand Bat,"Right arm Offbreak, Legbreak Googly",Top order Batter
Varun Chakravarthy,https://www.espncricinfo.com/ci/content/player/1108375.html,Not available,1200,1463,"August 29, 1991, Bidar, Karnataka",31y 264d,Right hand Bat,Legbreak Googly,Bowler
Shardul Thakur,https://www.espncricinfo.com/ci/content/player/475281.html,Not available,1075,1310,"October 16, 1991, Palghar, Maharashtra",31y 216d,Right hand Bat,Right arm Medium,Bowler
Lockie Ferguson,https://www.espncricinfo.com/ci/content/player/493773.html,Not available,1000,1219,"June 13, 1991, Auckland",31y 341d,Lockie,Right hand Bat,Right arm Fast
Nitish Rana,https://www.espncricinfo.com/ci/content/player/604527.html,Not available,800,975,"December 27, 1993, Delhi",29y 144d,Left hand Bat,"Right arm Medium, Right arm Offbreak, Legbreak",Middle order Batter
Venkatesh Iyer,https://www.espncricinfo.com/ci/content/player/851403.html,Not available,800,975,"December 25, 1994, Indore, Madhya Pradesh",28y 146d,Venkatesh Iyer,Left hand Bat,Right arm Medium
Sunil Narine,https://www.espncricinfo.com/ci/content/player/230558.html,Not available,600,731,"May 26, 1988, Arima, Trinidad & Tobago",34y 359d,Left hand Bat,Right arm Offbreak,Bowling Allrounder
Umesh Yadav,https://www.espncricinfo.com/ci/content/player/376116.html,Not available,200,243,"October 25, 1987, Nagpur, Maharashtra",35y 207d,Right hand Bat,Right arm Fast,Bowler
Tim Southee,https://www.espncricinfo.com/ci/content/player/232364.html,Not available,150,182,"December 11, 1988, Whangarei, Northland",34y 160d,Right hand Bat,Right arm Medium fast,Bowler
Shakib Al Hasan,https://www.espncricinfo.com/ci/content/player/56143.html,Not available,150,182,"March 24, 1987, Magura, Jessore",36y 57d,Saqibul Hasan,Left hand Bat,Slow Left arm Orthodox
David Wiese,https://www.espncricinfo.com/ci/content/player/221140.html,Not available,100,121,"May 18, 1985, Roodepoort",38y 2d,Right hand Bat,Right arm Medium fast,Allrounder
Narayan Jagadeesan,https://www.espncricinfo.com/ci/content/player/1048813.html,Not available,90,109,"December 24, 1995, Coimbatore, Tamil Nadu",27y 147d,Right hand Bat,Wicketkeeper,Opening Batter
Vaibhav Arora,https://www.espncricinfo.com/ci/content/player/1209292.html,Not available,60,73,"December 14, 1997",25y 157d,Right hand Bat,Right arm Fast medium,Bowler
Rinku Singh,https://www.espncricinfo.com/ci/content/player/723105.html,Not available,55,67,"October 12, 1997, Aligarh, Uttar Pradesh",25y 220d,Left hand Bat,Right arm Offbreak,Middle order Batter
Mandeep Singh,https://www.espncricinfo.com/ci/content/player/398506.html,Not available,50,60,"December 18, 1991, Jalandhar, Punjab",31y 153d,Right hand Bat,Right arm Medium,Allrounder
Litton Das,https://www.espncricinfo.com/ci/content/player/536936.html,Not available,50,60,"October 13, 1994, Dinajpur",28y 219d,Right hand Bat,Right arm Offbreak,Wicketkeeper
Rahmanullah Gurbaz,https://www.espncricinfo.com/ci/content/player/974087.html,Not available,50,60,"November 28, 2001",21y 173d,Right hand Bat,Wicketkeeper,Wicketkeeper Batter
Anukul Roy,https://www.espncricinfo.com/ci/content/player/1079839.html,Not available,20,24,"November 30, 1998, Saraikela Kharswan, Jharkhand",24y 171d,Left hand Bat,Slow Left arm Orthodox,Allrounder
Kulwant Khejroliya,https://www.espncricinfo.com/ci/content/player/1083033.html,Not available,20,24,"March 13, 1992, Churi Ajitgarh Jhunjhunu District, Rajasthan",31y 68d,Left hand Bat,Left arm Medium fast,Bowler
Harshit Rana,https://www.espncricinfo.com/ci/content/player/1312645.html,Not available,20,24,"December 22, 2001, New Delhi",21y 149d,Right hand Bat,Right arm Medium fast,Bowler
Suyash Sharma,https://www.espncricinfo.com/ci/content/player/1350792.html,Not available,20,24,"May 15, 2003",20y 5d,Right hand Bat,Legbreak Googly,Bowler
Sam Curran,https://www.espncricinfo.com/ci/content/player/662973.html,Not available,1850,2256,"June 03, 1998, Northampton",24y 351d,Left hand Bat,Left arm Medium fast,Allrounder
Liam Livingstone,https://www.espncricinfo.com/ci/content/player/403902.html,Not available,1150,1402,"August 04, 1993, Barrow-in-Furness, Cumberland",29y 289d,Right hand Bat,"Right arm Offbreak, Legbreak",Batting Allrounder
Kagiso Rabada,https://www.espncricinfo.com/ci/content/player/550215.html,Not available,925,1128,"May 25, 1995, Johannesburg",27y 360d,Left hand Bat,Right arm Fast,Bowler
Shahrukh Khan,https://www.espncricinfo.com/ci/content/player/719719.html,Not available,900,1097,"May 27, 1995, Chennai, Tamil Nadu",27y 358d,Right hand Bat,Right arm Offbreak,Batter
Shikhar Dhawan,https://www.espncricinfo.com/ci/content/player/28235.html,Not available,825,1006,"December 05, 1985, Delhi",37y 166d,Left hand Bat,Right arm Offbreak,Opening Batter
Jonny Bairstow,https://www.espncricinfo.com/ci/content/player/297433.html,Not available,675,823,"September 26, 1989, Bradford, Yorkshire",33y 236d,Bluey,Right hand Bat,Right arm Medium
Rahul Chahar,https://www.espncricinfo.com/ci/content/player/1064812.html,Not available,525,640,"August 04, 1999, Bharaatpur, Rajasthan",23y 289d,Right hand Bat,Legbreak Googly,Bowler
Arshdeep Singh,https://www.espncricinfo.com/ci/content/player/1125976.html,Not available,400,487,"February 05, 1999, Guna, Madhya Pradesh",24y 104d,Left hand Bat,Left arm Medium fast,Bowler
Harpreet Brar,https://www.espncricinfo.com/ci/content/player/1168641.html,Not available,380,463,"September 16, 1995, Meerut, Uttar Pradesh",27y 246d,Left hand Bat,Slow Left arm Orthodox,Bowler
Raj Angad Bawa,https://www.espncricinfo.com/ci/content/player/1292502.html,Not available,200,243,"November 12, 2002, Nahan, Himachal Pradesh",20y 189d,Left hand Bat,Right arm Medium fast,Allrounder
Nathan Ellis,https://www.espncricinfo.com/ci/content/player/826915.html,Not available,75,91,"September 22, 1994, Greenacre, New South Wales",28y 240d,Right hand Bat,Right arm Fast medium,Bowler
Prabhsimran Singh,https://www.espncricinfo.com/ci/content/player/1161024.html,Not available,60,73,"August 10, 2000",22y 283d,Right hand Bat,Wicketkeeper,Wicketkeeper Batter
Rishi Dhawan,https://www.espncricinfo.com/ci/content/player/290727.html,Not available,55,67,"February 19, 1990, Mandi, Himachal Pradesh",33y 90d,Right hand Bat,Right arm Medium fast,Allrounder
Sikandar Raza,https://www.espncricinfo.com/ci/content/player/299572.html,Not available,50,60,"April 24, 1986, Sialkot, Punjab, Pakistan",37y 26d,Right hand Bat,Right arm Offbreak,Batting Allrounder
Bhanuka Rajapaksa,https://www.espncricinfo.com/ci/content/player/342619.html,Not available,50,60,"October 24, 1991, Colombo",31y 208d,Left hand Bat,Right arm Medium,Top order Batter
Harpreet Bhatia,https://www.espncricinfo.com/ci/content/player/340854.html,Not available,40,48,"August 11, 1991, Durg, Madhya Pradesh",31y 282d,Left hand Bat,Right arm Medium,Batter
Atharva Taide,https://www.espncricinfo.com/ci/content/player/1125958.html,Not available,20,24,"April 26, 2000, Akola Maharashtra",23y 24d,Left hand Bat,Slow Left arm Orthodox,Batting Allrounder
Vidwath Kaverappa,https://www.espncricinfo.com/ci/content/player/1155262.html,Not available,20,24,"February 25, 1999",24y 84d,Right hand Bat,Right arm Fast medium,Bowler
Shivam Singh,https://www.espncricinfo.com/ci/content/player/1273859.html,Not available,20,24,"November 25, 1995",27y 176d,Right hand Bat,Right arm Offbreak,Middle order Batter
Mohit Rathee,https://www.espncricinfo.com/ci/content/player/1349361.html,Not available,20,24,"January 13, 1999, Rohak, Haryana",24y 127d,Right hand Bat,Legbreak,Allrounder
Baltej Singh,https://www.espncricinfo.com/ci/content/player/527292.html,Not available,20,24,"November 04, 1990, Ludhiana, Punjab",32y 197d,Right hand Bat,Right arm Medium,Bowler
Jitesh Sharma,https://www.espncricinfo.com/ci/content/player/721867.html,Not available,20,24,"October 22, 1993, Amrawati, Maharashtra",29y 210d,Right hand Bat,Wicketkeeper,Wicketkeeper Batter
Ben Stokes,https://www.espncricinfo.com/ci/content/player/311158.html,Not available,1625,1981,"June 04, 1991, Christchurch, Canterbury, New Zealand",31y 350d,Left hand Bat,Right arm Fast medium,Allrounder
Ravindra Jadeja,https://www.espncricinfo.com/ci/content/player/234675.html,Not available,1600,1951,"December 06, 1988, Navagam-Khed, Saurashtra",34y 165d,Left hand Bat,Slow Left arm Orthodox,Allrounder
Deepak Chahar,https://www.espncricinfo.com/ci/content/player/447261.html,Not available,1400,1707,"August 07, 1992, Agra, Uttar Pradesh",30y 286d,Deepak Chahar,Right hand Bat,Right arm Medium
MS Dhoni,https://www.espncricinfo.com/ci/content/player/28081.html,Not available,1200,1463,"July 07, 1981, Ranchi, Bihar (now Jharkhand)",41y 317d,Mahi,Right hand Bat,Right arm Medium
Moeen Ali,https://www.espncricinfo.com/ci/content/player/8917.html,Not available,800,975,"June 18, 1987, Birmingham",35y 336d,Moe,Left hand Bat,Right arm Offbreak
Ambati Rayudu,https://www.espncricinfo.com/ci/content/player/33141.html,Not available,675,823,"September 23, 1985, Guntur, Andhra Pradesh",37y 239d,Right hand Bat,Right arm Offbreak,Occasional Wicketkeeper
Ruturaj Gaikwad,https://www.espncricinfo.com/ci/content/player/1060380.html,Not available,600,731,"January 31, 1997, Pune, Maharashtra",26y 109d,Right hand Bat,Right arm Offbreak,Batter
Shivam Dube,https://www.espncricinfo.com/ci/content/player/714451.html,Not available,400,487,"June 26, 1993, Mumbai",29y 328d,Left hand Bat,Right arm Medium,Allrounder
Mitchell Santner,https://www.espncricinfo.com/ci/content/player/502714.html,Not available,190,231,"February 05, 1992, Hamilton",31y 104d,Left hand Bat,Slow Left arm Orthodox,Bowling Allrounder
Rajvardhan Hangargekar,https://www.espncricinfo.com/ci/content/player/1175429.html,Not available,150,182,"November 10, 2002, Tuljapur, Maharashtra",20y 191d,Right hand Bat,Right arm Fast medium,Bowling Allrounder
Prashant Solanki,https://www.espncricinfo.com/ci/content/player/1252337.html,Not available,120,146,"February 22, 2000",23y 87d,Right hand Bat,Legbreak,Bowler
Devon Conway,https://www.espncricinfo.com/ci/content/player/379140.html,Not available,100,121,"July 08, 1991, Johannesburg, Transvaal",31y 316d,Left hand Bat,Right arm Medium,Occasional Wicketkeeper
Kyle Jamieson,https://www.espncricinfo.com/ci/content/player/625960.html,Not available,100,121,"December 30, 1994, Auckland",28y 141d,Right hand Bat,Right arm Fast medium,Bowler
Maheesh Theekshana,https://www.espncricinfo.com/ci/content/player/1138316.html,Not available,70,85,"August 01, 2000, Colombo",22y 292d,Right hand Bat,Right arm Offbreak,Bowler
Nishant Sindhu,https://www.espncricinfo.com/ci/content/player/1292506.html,Not available,60,73,"April 09, 2004, Rohtak, Haryana",19y 41d,Left hand Bat,Slow Left arm Orthodox,Allrounder
Ajinkya Rahane,https://www.espncricinfo.com/ci/content/player/277916.html,Not available,50,60,"June 06, 1988, Ashwi-KD, Maharashtra",34y 348d,Right hand Bat,Right arm Medium,Top order Batter
Dwaine Pretorius,https://www.espncricinfo.com/ci/content/player/327830.html,Not available,50,60,"March 29, 1989, Randfontein",34y 52d,Right hand Bat,Right arm Medium fast,Bowling Allrounder
Ajay Mandal,https://www.espncricinfo.com/ci/content/player/1059570.html,Not available,20,24,"February 25, 1996, Durg, Madhya Pradesh",27y 84d,Left hand Bat,Slow Left arm Orthodox,Allrounder
Subhranshu Senapati,https://www.espncricinfo.com/ci/content/player/1059577.html,Not available,20,24,"December 30, 1996, Keonijhar, Orissa",26y 141d,Right hand Bat,Right arm Medium,Top order Batter
Mukesh Choudhary,https://www.espncricinfo.com/ci/content/player/1125688.html,Not available,20,24,"July 06, 1996, Pardodas, Bhilwara, Rajsthan",26y 318d,Left hand Bat,Left arm Medium,Bowler
Simarjeet Singh,https://www.espncricinfo.com/ci/content/player/1159722.html,Not available,20,24,"January 17, 1998, Delhi",25y 123d,Right hand Bat,Right arm Medium fast,Bowler
Matheesha Pathirana,https://www.espncricinfo.com/ci/content/player/1194795.html,Not available,20,24,"December 18, 2002, Kandy",20y 153d,Right hand Bat,Right arm Fast,Bowler
Bhagath Varma,https://www.espncricinfo.com/ci/content/player/1252050.html,Not available,20,24,"September 21, 1998, Hyderabad, Andrha Pradesh",24y 241d,Right hand Bat,Right arm Offbreak,Bowling Allrounder
Shaik Rasheed,https://www.espncricinfo.com/ci/content/player/1292497.html,Not available,20,24,"September 24, 2004, Guntur, Andhra Pradesh",18y 238d,Right hand Bat,Legbreak,Batter
Tushar Deshpande,https://www.espncricinfo.com/ci/content/player/822553.html,Not available,20,24,"May 15, 1995, Mumbai",28y 5d,Left hand Bat,Right arm Medium,Bowler
Rishabh Pant,https://www.espncricinfo.com/ci/content/player/931581.html,Not available,1600,1951,"October 04, 1997, Haridwar, Uttarakhand",25y 228d,Left hand Bat,Wicketkeeper,Wicketkeeper Batter
Axar Patel,https://www.espncricinfo.com/ci/content/player/554691.html,Not available,1200,1463,"January 20, 1994, Anand, Gujarat",29y 120d,Akshar Patel,Left hand Bat,Slow Left arm Orthodox
Prithvi Shaw,https://www.espncricinfo.com/ci/content/player/1070168.html,Not available,800,975,"November 09, 1999, Thane, Maharashtra",23y 192d,Right hand Bat,Right arm Offbreak,Opening Batter
Mitchell Marsh,https://www.espncricinfo.com/ci/content/player/272450.html,Not available,650,792,"October 20, 1991, Attadale, Perth",31y 212d,Right hand Bat,Right arm Medium,Allrounder
Anrich Nortje,https://www.espncricinfo.com/ci/content/player/481979.html,Not available,650,792,"November 16, 1993",29y 185d,Right hand Bat,Right arm Fast,Bowler
David Warner,https://www.espncricinfo.com/ci/content/player/219889.html,Not available,625,762,"October 27, 1986, Paddington, New South Wales",36y 205d,Lloyd,Left hand Bat,Legbreak
Mukesh Kumar,https://www.espncricinfo.com/ci/content/player/926851.html,Not available,550,670,"October 12, 1993, Gopalganj, Bihar",29y 220d,Right hand Bat,Right arm Medium,Bowler
Khaleel Ahmed,https://www.espncricinfo.com/ci/content/player/942645.html,Not available,525,640,"December 05, 1997, Tonk, Rajasthan",25y 166d,Right hand Bat,Left arm Medium,Bowler
Rilee Rossouw,https://www.espncricinfo.com/ci/content/player/318845.html,Not available,460,560,"October 09, 1989, Bloemfontein, Orange Free State",33y 223d,Left hand Bat,Right arm Offbreak,Top order Batter
Chetan Sakariya,https://www.espncricinfo.com/ci/content/player/1131754.html,Not available,420,512,"February 28, 1998, Bhavnagar",25y 81d,Left hand Bat,Left arm Medium fast,Bowler
Rovman Powell,https://www.espncricinfo.com/ci/content/player/820351.html,Not available,280,341,"July 23, 1993, Jamaica",29y 301d,Right hand Bat,Right arm Medium fast,Middle order Batter
Manish Pandey,https://www.espncricinfo.com/ci/content/player/290630.html,Not available,240,292,"September 10, 1989, Nainital, Uttaranchal",33y 252d,Right hand Bat,Right arm Medium,Top order Batter
Mustafizur Rahman,https://www.espncricinfo.com/ci/content/player/330902.html,Not available,200,243,"September 06, 1995, Satkhira",27y 256d,Left hand Bat,Left arm Fast medium,Bowler
Kuldeep Yadav,https://www.espncricinfo.com/ci/content/player/559235.html,Not available,200,243,"December 14, 1994, Kanpur, Uttar Pradesh",28y 157d,Left hand Bat,Left arm Wrist spin,Bowler
Phil Salt,https://www.espncricinfo.com/ci/content/player/669365.html,Not available,200,243,"August 28, 1996, Bodelwyddan, North Wales",26y 265d,Right hand Bat,Right arm Offbreak,Wicketkeeper
Kamlesh Nagarkoti,https://www.espncricinfo.com/ci/content/player/1070188.html,Not available,110,134,"December 28, 1999, Barmer, Rajasthan",23y 143d,Right hand Bat,Right arm Fast,Bowler
Lalit Yadav,https://www.espncricinfo.com/ci/content/player/930189.html,Not available,65,79,"January 03, 1997, Delhi",26y 137d,Right hand Bat,Right arm Offbreak,Allrounder
Yash Dhull,https://www.espncricinfo.com/ci/content/player/1292498.html,Not available,50,60,"November 11, 2002, New Delhi",20y 190d,Right hand Bat,Right arm Offbreak,Top order Batter
Ishant Sharma,https://www.espncricinfo.com/ci/content/player/236779.html,Not available,50,60,"September 02, 1988, Delhi",34y 260d,Right hand Bat,Right arm Fast medium,Bowler
Lungi Ngidi,https://www.espncricinfo.com/ci/content/player/542023.html,Not available,50,60,"March 29, 1996, Durban, Natal",27y 52d,Right hand Bat,Right arm Fast medium,Bowler
Praveen Dubey,https://www.espncricinfo.com/ci/content/player/777515.html,Not available,50,60,"July 01, 1993, Azamgarh, Uttar Pradesh",29y 323d,Right hand Bat,Legbreak Googly,Bowler
Ripal Patel,https://www.espncricinfo.com/ci/content/player/1201520.html,Not available,20,24,"September 28, 1995, Nadiad",27y 234d,Right hand Bat,Right arm Medium fast,Middle order Batter
Aman Khan,https://www.espncricinfo.com/ci/content/player/1254269.html,Not available,20,24,"November 23, 1996",26y 178d,Right hand Bat,Right arm Medium,Allrounder
Vicky Ostwal,https://www.espncricinfo.com/ci/content/player/1292520.html,Not available,20,24,"September 01, 2002, Pune, Maharashtra",20y 261d,Right hand Bat,Slow Left arm Orthodox,Bowler
Sarfaraz Khan,https://www.espncricinfo.com/ci/content/player/642525.html,Not available,20,24,"October 22, 1997, Mumbai",25y 210d,Right hand Bat,Legbreak,Middle order Batter
Sanju Samson,https://www.espncricinfo.com/ci/content/player/425943.html,Not available,1400,1707,"November 11, 1994, Pulluvila, Vizhinjam, Trivandrum",28y 190d,Right hand Bat,Wicketkeeper,Wicketkeeper Batter
Jos Buttler,https://www.espncricinfo.com/ci/content/player/308967.html,Not available,1000,1219,"September 08, 1990, Taunton, Somerset",32y 254d,Right hand Bat,Wicketkeeper,Wicketkeeper Batter
Prasidh Krishna,https://www.espncricinfo.com/ci/content/player/917159.html,Not available,1000,1219,"February 19, 1996, Bangalore, Karnataka",27y 90d,Right hand Bat,Right arm Fast medium,Bowler
Shimron Hetmyer,https://www.espncricinfo.com/ci/content/player/670025.html,Not available,850,1036,"December 26, 1996, Cumberland, Berbice, Guyana",26y 145d,Left hand Bat,Top order Batter
Trent Boult,https://www.espncricinfo.com/ci/content/player/277912.html,Not available,800,975,"July 22, 1989, Rotorua",33y 302d,Right hand Bat,Left arm Fast medium,Bowler
Devdutt Padikkal,https://www.espncricinfo.com/ci/content/player/1119026.html,Not available,775,945,"July 07, 2000, Edapal, Kerala",22y 317d,Left hand Bat,Right arm Offbreak,Top order Batter
Yuzvendra Chahal,https://www.espncricinfo.com/ci/content/player/430246.html,Not available,650,792,"July 23, 1990, Jind, Haryana",32y 301d,Right hand Bat,Legbreak Googly,Bowler
Jason Holder,https://www.espncricinfo.com/ci/content/player/391485.html,Not available,575,701,"November 05, 1991, Barbados",31y 196d,Right hand Bat,Right arm Medium fast,Bowling Allrounder
R Ashwin,https://www.espncricinfo.com/ci/content/player/26421.html,Not available,500,609,"September 17, 1986, Madras (now Chennai), Tamil Nadu",36y 245d,Right hand Bat,Right arm Offbreak,Bowling Allrounder
Yashasvi Jaiswal,https://www.espncricinfo.com/ci/content/player/1151278.html,Not available,400,487,"December 28, 2001, Suriya, Uttar Pradesh",21y 143d,Left hand Bat,Legbreak,Opening Batter
Riyan Parag,https://www.espncricinfo.com/ci/content/player/1079434.html,Not available,380,463,"November 10, 2001, Guwahati, Assam",21y 191d,Right hand Bat,Legbreak,Top order Batter
Navdeep Saini,https://www.espncricinfo.com/ci/content/player/700167.html,Not available,260,317,"November 23, 1992, Karnal, Haryana",30y 178d,Right hand Bat,Right arm Fast,Bowler
Adam Zampa,https://www.espncricinfo.com/ci/content/player/379504.html,Not available,150,182,"March 31, 1992, Shellharbour, New South Wales",31y 50d,Right hand Bat,Legbreak Googly,Bowler
Joe Root,https://www.espncricinfo.com/ci/content/player/303669.html,Not available,100,121,"December 30, 1990, Sheffield, Yorkshire",32y 141d,Right hand Bat,"Right arm Offbreak, Legbreak",Top order Batter
Obed McCoy,https://www.espncricinfo.com/ci/content/player/906783.html,Not available,75,91,"January 04, 1997",26y 136d,Left hand Bat,Left arm Fast medium,Bowler
Donovan Ferreira,https://www.espncricinfo.com/ci/content/player/698315.html,Not available,50,60,"July 21, 1998, Pretoria",24y 303d,Right hand Bat,Wicketkeeper,Allrounder
KM Asif,https://www.espncricinfo.com/ci/content/player/1083030.html,Not available,30,36,"July 24, 1993, Edavanna,Malappuram",29y 300d,Right hand Bat,Right arm Medium,Bowler
KC Cariappa,https://www.espncricinfo.com/ci/content/player/777537.html,Not available,30,36,"April 13, 1994, Bangalore, Karnataka",29y 37d,Right hand Bat,Legbreak,Bowler
Kuldeep Sen,https://www.espncricinfo.com/ci/content/player/1163695.html,Not available,20,24,"October 22, 1996, Rewa, Madhya Pradesh",26y 210d,Right hand Bat,Right arm Fast,Bowler
Dhruv Jurel,https://www.espncricinfo.com/ci/content/player/1175488.html,Not available,20,24,"January 21, 2001, Agra, Uttar Pradesh",22y 119d,Right hand Bat,Wicketkeeper Batter
Kuldip Yadav,https://www.espncricinfo.com/ci/content/player/1206495.html,Not available,20,24,"October 15, 1996",26y 217d,Left hand Bat,Left arm Fast medium,Bowler
Abdul Basith,https://www.espncricinfo.com/ci/content/player/1287067.html,Not available,20,24,"October 09, 1998, Ernakulam, Kerala",24y 223d,Right hand Bat,Right arm Offbreak,Allrounder
Kunal Singh Rathore,https://www.espncricinfo.com/ci/content/player/1339031.html,Not available,20,24,"October 09, 2002, Kota, Rajasthan",20y 223d,Left hand Bat,Wicketkeeper,Wicketkeeper Batter
Murugan Ashwin,https://www.espncricinfo.com/ci/content/player/528067.html,Not available,20,24,"September 08, 1990, Chennai, Tamil Nadu",32y 254d,Right hand Bat,Legbreak Googly,Bowler
Akash Vashisht,https://www.espncricinfo.com/ci/content/player/722597.html,Not available,20,24,"December 17, 1994, Kangra, Himachal Pradesh",28y 154d,Left hand Bat,Slow Left arm Orthodox,Allrounder
Cameron Green,https://www.espncricinfo.com/ci/content/player/1076713.html,Not available,1750,2134,"June 03, 1999",23y 351d,Right hand Bat,Right arm Fast medium,Batting Allrounder
Rohit Sharma,https://www.espncricinfo.com/ci/content/player/34102.html,Not available,1600,1951,"April 30, 1987, Bansod, Nagpur, Maharashtra",36y 20d,Right hand Bat,Right arm Offbreak,Top order Batter
Ishan Kishan,https://www.espncricinfo.com/ci/content/player/720471.html,Not available,1525,1859,"July 18, 1998, Patna, Bihar",24y 306d,Left hand Bat,Wicketkeeper,Wicketkeeper Batter
Jasprit Bumrah,https://www.espncricinfo.com/ci/content/player/625383.html,Not available,1200,1463,"December 06, 1993, Ahmedabad",29y 165d,Right hand Bat,Right arm Fast,Bowler
Tim David,https://www.espncricinfo.com/ci/content/player/892749.html,Not available,825,1006,"March 16, 1996, Singapore",27y 65d,Right hand Bat,Right arm Offbreak,Middle order Batter
Suryakumar Yadav,https://www.espncricinfo.com/ci/content/player/446507.html,Not available,800,975,"September 14, 1990, Mumbai, Maharashtra",32y 248d,Right hand Bat,"Right arm Medium, Right arm Offbreak",Batter
Jofra Archer,https://www.espncricinfo.com/ci/content/player/669855.html,Not available,800,975,"April 01, 1995, Bridgetown, Barbados",28y 49d,Right hand Bat,Right arm Fast,Bowler
Dewald Brevis,https://www.espncricinfo.com/ci/content/player/1070665.html,Not available,300,365,"April 29, 2003, Johannesburg",20y 21d,Right hand Bat,Legbreak,Batting Allrounder
Tilak Varma,https://www.espncricinfo.com/ci/content/player/1170265.html,Not available,170,207,"November 08, 2002, Hyderabad, Andhra Pradesh",20y 193d,Left hand Bat,Right arm Offbreak,Batting Allrounder
Jhye Richardson,https://www.espncricinfo.com/ci/content/player/774223.html,Not available,150,182,"September 20, 1996, Murdoch, Western Australia",26y 242d,Right hand Bat,Right arm Fast,Bowler
Jason Behrendorff,https://www.espncricinfo.com/ci/content/player/272477.html,Not available,75,91,"April 20, 1990, Camden, New South Wales",33y 30d,Right hand Bat,Left arm Fast medium,Bowler
Piyush Chawla,https://www.espncricinfo.com/ci/content/player/32966.html,Not available,50,60,"December 24, 1988, Aligarh, Uttar Pradesh",34y 147d,Left hand Bat,Legbreak,Bowling Allrounder
Arjun Tendulkar,https://www.espncricinfo.com/ci/content/player/1148776.html,Not available,30,36,"September 24, 1999, Mumbai",23y 238d,Left hand Bat,Left arm Medium fast,Bowler
Ramandeep Singh,https://www.espncricinfo.com/ci/content/player/1079470.html,Not available,20,24,"April 13, 1997, Chandigarh",26y 37d,Right hand Bat,Right arm Medium,Middle order Batter
Shams Mulani,https://www.espncricinfo.com/ci/content/player/1131607.html,Not available,20,24,"March 13, 1997, Raigad, Maharashtra",26y 68d,Left hand Bat,Slow Left arm Orthodox,Allrounder
Nehal Wadhera,https://www.espncricinfo.com/ci/content/player/1151273.html,Not available,20,24,"September 04, 2000, Ludhiana, Punjab",22y 258d,Left hand Bat,Legbreak,Top order Batter
Kumar Kartikeya,https://www.espncricinfo.com/ci/content/player/1159843.html,Not available,20,24,"December 26, 1997, Kuwasi, Sultanpur, Uttar Pradesh",25y 145d,Right hand Bat,"Slow Left arm Orthodox, Left arm Wrist spin",Bowler
Hrithik Shokeen,https://www.espncricinfo.com/ci/content/player/1175423.html,Not available,20,24,"August 14, 2000, Delhi",22y 279d,Right hand Bat,Right arm Offbreak,Bowler
Akash Madhwal,https://www.espncricinfo.com/ci/content/player/1206039.html,Not available,20,24,"November 25, 1993, Roorkee",29y 176d,Right hand Bat,Right arm Medium fast,Bowler
Arshad Khan,https://www.espncricinfo.com/ci/content/player/1244751.html,Not available,20,24,"December 20, 1997, Gopalganj (Seoni)",25y 151d,Left hand Bat,Left arm Medium,Bowler
Raghav Goyal,https://www.espncricinfo.com/ci/content/player/1350770.html,Not available,20,24,"January 26, 2001",22y 114d,Left hand Bat,Left arm Wrist spin,Bowler
Duan Jansen,https://www.espncricinfo.com/ci/content/player/595954.html,Not available,20,24,"May 01, 2000",23y 19d,Right hand Bat,Left arm Fast,Bowler
Tristan Stubbs,https://www.espncricinfo.com/ci/content/player/595978.html,Not available,20,24,"August 14, 2000",22y 279d,Right hand Bat,Right arm Offbreak,Wicketkeeper
Vishnu Vinod,https://www.espncricinfo.com/ci/content/player/732293.html,Not available,20,24,"December 02, 1993, Pathanamthitta, Kerala",29y 169d,Right hand Bat,Wicketkeeper,Wicketkeeper Batter
Harry Brook,https://www.espncricinfo.com/ci/content/player/911707.html,Not available,1325,1615,"February 22, 1999, Keighley, Yorkshire",24y 87d,Right hand Bat,Right arm Medium,Batter
Washington Sundar,https://www.espncricinfo.com/ci/content/player/719715.html,Not available,875,1067,"October 05, 1999, Chennai, Tamil Nadu",23y 227d,Left hand Bat,Right arm Offbreak,Bowling Allrounder
Rahul Tripathi,https://www.espncricinfo.com/ci/content/player/446763.html,Not available,850,1036,"March 02, 1991, Ranchi",32y 79d,Right hand Bat,Right arm Medium,Top order Batter
Mayank Agarwal,https://www.espncricinfo.com/ci/content/player/398438.html,Not available,825,1006,"February 16, 1991, Bangalore, Karnataka",32y 93d,Right hand Bat,Right arm Offbreak,Batter
Abhishek Sharma,https://www.espncricinfo.com/ci/content/player/1070183.html,Not available,650,792,"September 04, 2000, Amritsar, Punjab",22y 258d,Left hand Bat,Slow Left arm Orthodox,Allrounder
Heinrich Klaasen,https://www.espncricinfo.com/ci/content/player/436757.html,Not available,525,640,"July 30, 1991, Pretoria, Transvaal",31y 294d,Right hand Bat,Right arm Offbreak,Wicketkeeper
Bhuvneshwar Kumar,https://www.espncricinfo.com/ci/content/player/326016.html,Not available,420,512,"February 05, 1990, Meerut, Uttar Pradesh",33y 104d,Right hand Bat,Right arm Medium,Bowler
Marco Jansen,https://www.espncricinfo.com/ci/content/player/696401.html,Not available,420,512,"May 01, 2000",23y 19d,Right hand Bat,Left arm Medium fast,Bowling Allrounder
Kartik Tyagi,https://www.espncricinfo.com/ci/content/player/1122918.html,Not available,400,487,"November 08, 2000, Hapur, Uttar Pradesh",22y 193d,Right hand Bat,Right arm Fast,Bowler
Abdul Samad,https://www.espncricinfo.com/ci/content/player/1175485.html,Not available,400,487,"October 28, 2001, Kala Kot, Jammu & Kashmir",21y 204d,Right hand Bat,Legbreak,Batter
Umran Malik,https://www.espncricinfo.com/ci/content/player/1246528.html,Not available,400,487,"November 22, 1999, Gujjar Nagar, Jammu & Kashmir",23y 179d,Right hand Bat,Right arm Fast,Bowler
T Natarajan,https://www.espncricinfo.com/ci/content/player/802575.html,Not available,400,487,"April 04, 1991, Salem",32y 46d,Left hand Bat,Left arm Medium,Bowler
Vivrant Sharma,https://www.espncricinfo.com/ci/content/player/1252370.html,Not available,260,317,"October 30, 1999, Jammu, India",23y 202d,Left hand Bat,Legbreak Googly,Allrounder
Aiden Markram,https://www.espncricinfo.com/ci/content/player/600498.html,Not available,260,317,"October 04, 1994, Centurion",28y 228d,Right hand Bat,Right arm Offbreak,Opening Batter
Adil Rashid,https://www.espncricinfo.com/ci/content/player/244497.html,Not available,200,243,"February 17, 1988, Bradford, Yorkshire",35y 92d,"Dilly, Hoover",Right hand Bat,Legbreak
Mayank Dagar,https://www.espncricinfo.com/ci/content/player/942367.html,Not available,180,219,"November 11, 1996, Delhi",26y 190d,Right hand Bat,Slow Left arm Orthodox,Bowler
Glenn Phillips,https://www.espncricinfo.com/ci/content/player/823509.html,Not available,150,182,"December 06, 1996, East London, Eastern Cape, South Africa",26y 165d,Right hand Bat,Right arm Offbreak,Wicketkeeper
Akeal Hosein,https://www.espncricinfo.com/ci/content/player/530812.html,Not available,100,121,"April 25, 1993, Port-of-Spain",30y 25d,Left hand Bat,Slow Left arm Orthodox,Bowler
Mayank Markande,https://www.espncricinfo.com/ci/content/player/1081442.html,Not available,50,60,"November 11, 1997, Bathinda, Punjab",25y 190d,Right hand Bat,Legbreak,Bowler
Fazalhaq Farooqi,https://www.espncricinfo.com/ci/content/player/974175.html,Not available,50,60,"September 22, 2000, Baghlan",22y 240d,Right hand Bat,Left arm Fast medium,Bowler
Upendra Yadav,https://www.espncricinfo.com/ci/content/player/732269.html,Not available,25,30,"October 08, 1996, Kanpur, Uttar Pradesh",26y 224d,Right hand Bat,Right arm Offbreak,Wicketkeeper
Sanvir Singh,https://www.espncricinfo.com/ci/content/player/1132219.html,Not available,20,24,"October 12, 1996, Ludhiana, Punjab",26y 220d,Right hand Bat,Right arm Medium,Allrounder
Nitish Kumar Reddy,https://www.espncricinfo.com/ci/content/player/1175496.html,Not available,20,24,"May 26, 2003, Visakhapatnam, Andhra Pradesh",19y 359d,Right hand Bat,Right arm Medium fast,Batting Allrounder
Anmolpreet Singh,https://www.espncricinfo.com/ci/content/player/851261.html,Not available,20,24,"March 28, 1998, Patiala, Punjab",25y 53d,Right hand Bat,Right arm Offbreak,Batter
Samarth Vyas,https://www.espncricinfo.com/ci/content/player/853859.html,Not available,20,24,"November 28, 1995, Rajkot, Saurashtra",27y 173d,Right hand Bat,Legbreak Googly,Allrounder
KL Rahul,https://www.espncricinfo.com/ci/content/player/422108.html,Not available,1700,2073,"April 18, 1992, Bangalore, Karnataka",31y 32d,Right hand Bat,Wicketkeeper,Wicketkeeper Batter
Nicholas Pooran,https://www.espncricinfo.com/ci/content/player/604302.html,Not available,1600,1951,"October 02, 1995, Trinidad",27y 230d,Left hand Bat,Right arm Offbreak,Wicketkeeper
Marcus Stoinis,https://www.espncricinfo.com/ci/content/player/325012.html,Not available,1000,1219,"August 16, 1989, Perth",33y 277d,Right hand Bat,Right arm Medium,Batting Allrounder
Avesh Khan,https://www.espncricinfo.com/ci/content/player/694211.html,Not available,1000,1219,"December 13, 1996, Indore, Madhya Pradesh",26y 158d,Avesh Khan,Right hand Bat,Right arm Fast medium
Krunal Pandya,https://www.espncricinfo.com/ci/content/player/471342.html,Not available,825,1006,"March 24, 1991, Ahmedabad, Gujarat",32y 57d,Left hand Bat,Slow Left arm Orthodox,Allrounder
Mark Wood,https://www.espncricinfo.com/ci/content/player/351588.html,Not available,750,914,"January 11, 1990, Ashington, Northumberland",33y 129d,Right hand Bat,Right arm Fast,Bowler
Quinton de Kock,https://www.espncricinfo.com/ci/content/player/379143.html,Not available,675,823,"December 17, 1992, Johannesburg, Gauteng",30y 154d,Left hand Bat,Wicketkeeper,Wicketkeeper Batter
Deepak Hooda,https://www.espncricinfo.com/ci/content/player/497121.html,Not available,575,701,"April 19, 1995, Rohtak",28y 31d,Right hand Bat,Right arm Offbreak,Allrounder
Ravi Bishnoi,https://www.espncricinfo.com/ci/content/player/1175441.html,Not available,400,487,"September 05, 2000, Jodhpur, Rajasthan",22y 257d,Right hand Bat,Legbreak Googly,Bowler
Krishnappa Gowtham,https://www.espncricinfo.com/ci/content/player/424377.html,Not available,90,109,"October 20, 1988, Bangalore, Karnataka",34y 212d,Right hand Bat,Right arm Offbreak,Bowling Allrounder
Daniel Sams,https://www.espncricinfo.com/ci/content/player/826901.html,Not available,75,91,"October 27, 1992, Milperra, New South Wales",30y 205d,Right hand Bat,Left arm Fast medium,Allrounder
Amit Mishra,https://www.espncricinfo.com/ci/content/player/31107.html,Not available,50,60,"November 24, 1982, Delhi",40y 177d,Right hand Bat,Legbreak,Bowler
Kyle Mayers,https://www.espncricinfo.com/ci/content/player/348056.html,Not available,50,60,"September 08, 1992, Barbados",30y 254d,Left hand Bat,Right arm Medium,Batting Allrounder
Jaydev Unadkat,https://www.espncricinfo.com/ci/content/player/390484.html,Not available,50,60,"October 18, 1991, Porbandar",31y 214d,Right hand Bat,Left arm Medium,Bowler
Romario Shepherd,https://www.espncricinfo.com/ci/content/player/677077.html,Not available,50,60,"November 26, 1994, Guyana",28y 175d,Right hand Bat,Right arm Fast medium,Bowling Allrounder
Naveen-ul-Haq,https://www.espncricinfo.com/ci/content/player/793447.html,Not available,50,60,"September 23, 1999, Kabul",23y 239d,Right hand Bat,Right arm Medium fast,Bowler
Yash Thakur,https://www.espncricinfo.com/ci/content/player/1070196.html,Not available,45,54,"December 28, 1998, Kolkata",24y 143d,Right hand Bat,Right arm Fast medium,Bowler
Mohsin Khan,https://www.espncricinfo.com/ci/content/player/1132005.html,Not available,20,24,"July 15, 1998, Sambhal, Uttar Pradesh",24y 309d,Left hand Bat,Left arm Medium fast,Bowler
Ayush Badoni,https://www.espncricinfo.com/ci/content/player/1151270.html,Not available,20,24,"December 03, 1999, Delhi",23y 168d,Right hand Bat,Right arm Offbreak,Batter
Yudhvir Charak,https://www.espncricinfo.com/ci/content/player/1206052.html,Not available,20,24,"September 13, 1997, Jammu",25y 249d,Right hand Bat,Right arm Medium fast,Bowler
Karan Sharma,https://www.espncricinfo.com/ci/content/player/1246518.html,Not available,20,24,"October 31, 1998, Delhi",24y 201d,Right hand Bat,Right arm Offbreak,Allrounder
Mayank Yadav,https://www.espncricinfo.com/ci/content/player/1292563.html,Not available,20,24,"June 17, 2002, New Delhi",20y 337d,Right hand Bat,Right arm Medium fast,Bowler
Swapnil Singh,https://www.espncricinfo.com/ci/content/player/232292.html,Not available,20,24,"January 22, 1991, Rae Bareilly, Uttar Pradesh",32y 118d,Right hand Bat,Slow Left arm Orthodox,Bowler
Manan Vohra,https://www.espncricinfo.com/ci/content/player/532856.html,Not available,20,24,"July 18, 1993, Chandigarh, Punjab",29y 306d,Right hand Bat,Right arm Medium,Opening Batter
Prerak Mankad,https://www.espncricinfo.com/ci/content/player/956871.html,Not available,20,24,"April 23, 1994, Sirohi, Saurashtra",29y 27d,Right hand Bat,Right arm Medium,Allrounder
Hardik Pandya,https://www.espncricinfo.com/ci/content/player/625371.html,Not available,1500,1829,"October 11, 1993, Choryasi, Gujarat",29y 221d,Right hand Bat,Right arm Medium fast,Allrounder
Rashid Khan,https://www.espncricinfo.com/ci/content/player/793463.html,Not available,1500,1829,"September 20, 1998, Nangarhar",24y 242d,Right hand Bat,Legbreak Googly,Bowling Allrounder
Rahul Tewatia,https://www.espncricinfo.com/ci/content/player/423838.html,Not available,900,1097,"May 20, 1993, Sihi, Haryana",30y,Left hand Bat,Legbreak,Bowling Allrounder
Shubman Gill,https://www.espncricinfo.com/ci/content/player/1070173.html,Not available,800,975,"September 08, 1999, Fazilka, Punjab",23y 254d,Right hand Bat,Right arm Offbreak,Opening Batter
Mohammed Shami,https://www.espncricinfo.com/ci/content/player/481896.html,Not available,625,762,"September 03, 1990, Amroha, Uttar Pradesh",32y 259d,Right hand Bat,Right arm Fast,Bowler
Shivam Mavi,https://www.espncricinfo.com/ci/content/player/1079848.html,Not available,600,731,"November 26, 1998, Noida, Uttar Pradesh",24y 175d,Right hand Bat,Right arm Fast medium,Bowler
Joshua Little,https://www.espncricinfo.com/ci/content/player/928067.html,Not available,440,536,"November 01, 1999, Dublin",23y 200d,Right hand Bat,Left arm Fast medium,Bowler
Yash Dayal,https://www.espncricinfo.com/ci/content/player/1159720.html,Not available,320,390,"December 13, 1997, Allahabad, Uttar Pradesh",25y 158d,Right hand Bat,Left arm Medium fast,Bowler
R Sai Kishore,https://www.espncricinfo.com/ci/content/player/1048739.html,Not available,300,365,"November 06, 1996, Chennai, Tamil Nadu",26y 195d,Left hand Bat,Slow Left arm Orthodox,Bowler
David Miller,https://www.espncricinfo.com/ci/content/player/321777.html,Not available,300,365,"June 10, 1989, Pietermaritzburg, Natal",33y 344d,Left hand Bat,Right arm Offbreak,Middle order Batter
Abhinav Manohar,https://www.espncricinfo.com/ci/content/player/778963.html,Not available,260,317,"September 16, 1994, Bangalore, Karnataka",28y 246d,Right hand Bat,Legbreak Googly,Batting Allrounder
Matthew Wade,https://www.espncricinfo.com/ci/content/player/230193.html,Not available,240,292,"December 26, 1987, Hobart, Tasmania",35y 145d,Wadey,Left hand Bat,Right arm Medium
Alzarri Joseph,https://www.espncricinfo.com/ci/content/player/670031.html,Not available,240,292,"November 20, 1996, Antigua",26y 181d,Right hand Bat,Right arm Fast,Bowler
Kane Williamson,https://www.espncricinfo.com/ci/content/player/277906.html,Not available,200,243,"August 08, 1990, Tauranga",32y 285d,Right hand Bat,Right arm Offbreak,Top order Batter
Wriddhiman Saha,https://www.espncricinfo.com/ci/content/player/279810.html,Not available,190,231,"October 24, 1984, Shaktigarh, Siliguri, Bengal, India",38y 208d,Right hand Bat,Wicketkeeper,Wicketkeeper Batter
Jayant Yadav,https://www.espncricinfo.com/ci/content/player/447587.html,Not available,170,207,"January 22, 1990, Delhi",33y 118d,Jayant Yadav,Right hand Bat,Right arm Offbreak
Vijay Shankar,https://www.espncricinfo.com/ci/content/player/477021.html,Not available,140,170,"January 26, 1991, Tirunelveli, Tamil Nadu",32y 114d,Right hand Bat,Right arm Medium,Allrounder
Srikar Bharat,https://www.espncricinfo.com/ci/content/player/529436.html,Not available,120,146,"October 03, 1993, Visakhapatnam, Andhra Pradesh",29y 229d,Right hand Bat,Wicketkeeper,Wicketkeeper Batter
Mohit Sharma,https://www.espncricinfo.com/ci/content/player/537119.html,Not available,50,60,"September 18, 1988, Ballabhgarh, Haryana",34y 244d,Right hand Bat,Right arm Medium,Bowler
Odean Smith,https://www.espncricinfo.com/ci/content/player/820691.html,Not available,50,60,"November 01, 1996, St. Elizabeth, Jamaica",26y 200d,Right hand Bat,Right arm Fast medium,Bowling Allrounder
Noor Ahmad,https://www.espncricinfo.com/ci/content/player/1182529.html,Not available,30,36,"January 03, 2005",18y 137d,Right hand Bat,Left arm Wrist spin,Bowler
Darshan Nalkande,https://www.espncricinfo.com/ci/content/player/1111917.html,Not available,20,24,"October 04, 1998, Wardha, Maharashtra",24y 228d,Right hand Bat,Right arm Fast medium,Bowler
Urvil Patel,https://www.espncricinfo.com/ci/content/player/1131570.html,Not available,20,24,"October 17, 1998, Mehsana, Baroda",24y 215d,Right hand Bat,Wicketkeeper,Wicketkeeper Batter
Sai Sudharsan,https://www.espncricinfo.com/ci/content/player/1151288.html,Not available,20,24,"October 15, 2001, Chennai",21y 217d,Left hand Bat,Legbreak,Top order Batter
Pradeep Sangwan,https://www.espncricinfo.com/ci/content/player/279545.html,Not available,20,24,"November 05, 1990, Rasiwas, Delhi",32y 196d,Right hand Bat,Left arm Medium,Bowler
